bag_id,Gifts,number_of_gifts,total_weight
bag_4,coal_13 train_91 book_959 ,3.0,49.1256802655
bag_2,coal_43 train_90 train_132 book_282 ,4.0,49.506307405
bag_15,coal_118 book_288 book_353 ,3.0,48.9813699042
bag_30,bike_419 coal_153 coal_154 ,3.0,46.3096618791
bag_1,bike_207 book_852 train_798 train_530 train_846 train_321 doll_836 ,7.0,49.5748371142
bag_17,coal_115 book_289 book_284 book_285 book_287 ,5.0,49.956102256
bag_12,train_73 train_189 train_434 train_866 train_429 train_420 train_507 train_540 train_378 book_286 ,10.0,49.7458749251
